{
    "name": "ZONESTAR Z9M4-mix",
    "version": 2,
    "inherits": "fdmprinter",
    "metadata": {
        "visible": true,
        "author": "ZONESTAR",
        "manufacturer": "ZONESTAR",
        "file_formats": "text/x-gcode",
        "platform_offset": [ 0, 0, 0],        
        "machine_extruder_trains":
        {
            "0": "zonestar_z9m4_mixvtool_0",
            "1": "zonestar_z9m4_mixvtool_1",
            "2": "zonestar_z9m4_mixvtool_2",
            "3": "zonestar_z9m4_mixvtool_3",
            "4": "zonestar_z9m4_mixvtool_4",
            "5": "zonestar_z9m4_mixvtool_5",
            "6": "zonestar_z9m4_mixvtool_6",
            "7": "zonestar_z9m4_mixvtool_7"
        }
    },

    "overrides": {
        "machine_name": { "default_value": "ZONESTAR Z9M4-mix" },
        "layer_height": { "default_value": 0.2 },
        "machine_extruder_count": { "default_value": 8 },
        "machine_extruders_share_heater": { "default_value": true },
        "machine_heated_bed": { "default_value": true },
        "machine_center_is_zero": { "default_value": false },
        "machine_height": { "default_value": 400 },
        "machine_gcode_flavor": { "default_value": "RepRap (Marlin/Sprinter)" },
        "machine_depth": { "default_value": 310 },
        "machine_width": { "default_value": 310 },
        "machine_max_feedrate_z": { "default_value": 16 },
        "machine_max_feedrate_e": { "default_value": 60 },
        "machine_max_acceleration_z": { "default_value": 500 },
        "machine_acceleration": { "default_value": 1000 },
        "machine_max_jerk_xy": { "default_value": 10 },
        "machine_max_jerk_z": { "default_value": 0.2 },
        "machine_max_jerk_e": { "default_value": 2.5 },
        "machine_start_gcode": {
            "default_value": "G28\nG1 Z15 F300\nM107\n;Prime the extruder\nG92 E0\nG1 F200 E3\nG92 E0\nG1 X5 Y10 F1500 ; move to prime\nG1 Z0.2 F3000 ; get ready to prime\nG92 E0 ; reset extrusion distance\nG1 Y250 E15 F600 ; prime nozzle\nG1 Y100 F5000 ; quick wipe\n"},
        "machine_end_gcode": {
            "default_value": "G91\nG1 E-1\nG28 XY\nM104 S0\nG90\nG92 E0\nM140 S0\nM84\n"
        }
    }
}
