{
    "name": "ZONESTAR Z9E4",
    "version": 2,
    "inherits": "fdmprinter",
    "metadata": {
        "visible": true,
        "author": "ZONESTAR",
        "manufacturer": "ZONESTAR",
        "file_formats": "text/x-gcode",
        "platform_offset": [ 0, 0, 0],       
        "machine_extruder_trains":
        {
            "0": "zonestar_e4_extruder_1",
            "1": "zonestar_e4_extruder_2",
            "2": "zonestar_e4_extruder_3",
            "3": "zonestar_e4_extruder_4"
        }
    },

    "overrides": {
        "machine_name": { "default_value": "ZONESTAR Z9E4" },
        "layer_height": { "default_value": 0.2 },
        "machine_extruder_count": { "default_value": 4 },
        "machine_extruders_share_heater": { "default_value": true },
        "machine_heated_bed": { "default_value": true },
        "machine_center_is_zero": { "default_value": false },
        "machine_height": { "default_value": 380 },
        "machine_gcode_flavor": { "default_value": "RepRap (Marlin/Sprinter)" },
        "machine_depth": { "default_value": 300 },
        "machine_width": { "default_value": 300 },
        "machine_max_feedrate_z": { "default_value": 12 },
        "machine_max_feedrate_e": { "default_value": 120 },
        "machine_max_acceleration_z": { "default_value": 500 },
        "machine_acceleration": { "default_value": 1000 },
        "machine_max_jerk_xy": { "default_value": 10 },
        "machine_max_jerk_z": { "default_value": 0.2 },
        "machine_max_jerk_e": { "default_value": 2.5 },
        "machine_start_gcode": {
            "default_value": ";Z9E4 start gcode\n\nG90 ; absolute coordinates\nG28 ; home\nG29 ; bed levelling\nG1 Z15 F6000 ; bed down 15mm\nM107 ; fan off\n;----- Prime extruders\nT3 ; select extruder 4\nG92 E0 ; reset extrusion distance\nG0 X-5 Y-5; get out of bed\nG1 E30 F1200 ; push filament 60mm\nG1 E40 F360\nG1 E60 F180\nG1 X10 Y10 F1500 ; move to prime\nG1 Z0.3 F3000 ; get ready to prime\nG92 E0 ; reset extrusion distance\nG1 X10 Y80 E7 F600 ; fill rectangle\nG1 X10.5 Y80 E7.5; from (10,10) to (15,80)\nG1 X10.5 Y10 E14\nG1 X11 Y10 E14.5\nG1 X11 Y80 E21.5\nG1 X11.5 Y80 E22\nG1 X11.5 Y10 E29\nG1 X12 Y10 E29.5\nG1 X12 Y80 E36.5\nG1 X12.5 Y80 E37\nG1 X12.5 Y10 E44\nG1 X13 Y10 E44.5\nG1 X13 Y80 E51.5\nG1 X13.5 Y80 E52\nG1 X13.5 Y10 E59\nG1 X14 Y10 E59.5\nG1 X14 Y80 E66.5\nG1 X14.5 Y80 E67\nG1 X14.5 Y10 E74\nG1 X15 Y10 E74.5\nG1 X15 Y80 E81.5\nG1 X10 Y80 E82\nG92 E0 ; retract filament 45mm\nG1 E-5 F1800\nG1 E-15 F180\nG1 E-45 F900\nT2 ; select extruder 3\nG92 E0 ; reset extrusion distance\nG0 X-5 Y-5; get out of bed\nG1 E30 F1200 ; push filament 60mm\nG1 E40 F360\nG1 E60 F180\nG1 X10 Y80 F1500 ; move to prime\nG1 Z0.3 F3000 ; get ready to prime\nG92 E0 ; reset extrusion distance\nG1 X10 Y150 E7 F600 ; fill rectangle\nG1 X10.5 Y150 E7.5; from (10,80) to (15,150)\nG1 X10.5 Y80 E14\nG1 X11 Y80 E14.5\nG1 X11 Y150 E21.5\nG1 X11.5 Y150 E22\nG1 X11.5 Y80 E29\nG1 X12 Y80 E29.5\nG1 X12 Y150 E36.5\nG1 X12.5 Y150 E37\nG1 X12.5 Y80 E44\nG1 X13 Y80 E44.5\nG1 X13 Y150 E51.5\nG1 X13.5 Y150 E52\nG1 X13.5 Y80 E59\nG1 X14 Y80 E59.5\nG1 X14 Y150 E66.5\nG1 X14.5 Y150 E67\nG1 X14.5 Y80 E74\nG1 X15 Y80 E74.5\nG1 X15 Y150 E81.5\nG1 X10 Y150 E82\nG92 E0 ; retract filament 45mm\nG1 E-5 F1800\nG1 E-15 F180\nG1 E-45 F900\nT1 ; select extruder 2\nG92 E0 ; reset extrusion distance\nG0 X-5 Y-5; get out of bed\nG1 E30 F1200 ; push filament 60mm\nG1 E40 F360\nG1 E60 F180\nG1 X15 Y10 F1500 ; move to prime\nG1 Z0.3 F3000 ; get ready to prime\nG92 E0 ; reset extrusion distance\nG1 X15 Y80 E7 F600 ; fill rectangle\nG1 X15.5 Y80 E7.5; from (15,10) to (20,80)\nG1 X15.5 Y10 E14\nG1 X16 Y10 E14.5\nG1 X16 Y80 E21.5\nG1 X16.5 Y80 E22\nG1 X16.5 Y10 E29\nG1 X17 Y10 E29.5\nG1 X17 Y80 E36.5\nG1 X17.5 Y80 E37\nG1 X17.5 Y10 E44\nG1 X18 Y10 E44.5\nG1 X18 Y80 E51.5\nG1 X18.5 Y80 E52\nG1 X18.5 Y10 E59\nG1 X19 Y10 E59.5\nG1 X19 Y80 E66.5\nG1 X19.5 Y80 E67\nG1 X19.5 Y10 E74\nG1 X20 Y10 E74.5\nG1 X20 Y80 E81.5\nG1 X15 Y80 E82\nG92 E0 ; retract filament 45mm\nG1 E-5 F1800\nG1 E-15 F180\nG1 E-45 F900\nT0 ; select extruder 1\nG92 E0 ; reset extrusion distance\nG0 X-5 Y-5; get out of bed\nG1 E30 F1200 ; push filament 60mm\nG1 E40 F360\nG1 E60 F180\nG1 X15 Y80 F1500 ; move to prime\nG1 Z0.3 F3000 ; get ready to prime\nG92 E0 ; reset extrusion distance\nG1 X15 Y150 E7 F600 ; fill rectangle\nG1 X15.5 Y150 E7.5; from (15,80) to (20,150)\nG1 X15.5 Y80 E14\nG1 X16 Y80 E14.5\nG1 X16 Y150 E21.5\nG1 X16.5 Y150 E22\nG1 X16.5 Y80 E29\nG1 X17 Y80 E29.5\nG1 X17 Y150 E36.5\nG1 X17.5 Y150 E37\nG1 X17.5 Y80 E44\nG1 X18 Y80 E44.5\nG1 X18 Y150 E51.5\nG1 X18.5 Y150 E52\nG1 X18.5 Y80 E59\nG1 X19 Y80 E59.5\nG1 X19 Y150 E66.5\nG1 X19.5 Y150 E67\nG1 X19.5 Y80 E74\nG1 X20 Y80 E74.5\nG1 X20 Y150 E81.5\nG1 X20 Y150 E82\nG92 E0 ; reset extrusion distance\nG1 Z15 F6000 ; bed down 15mm\n\n;end of start gcode\n"
        },
        "machine_end_gcode": {
            "default_value": ";Z9E4 end gcode\n\nM140 S0 ; cool bed\nG92 E0 ; retract filament 35mm\nG1 E-5 F1800\nG1 E-35 F900\nM104 S0 ; cool hotend\nM84 ; disable steppers\n\n; end of end gcode\n;"
        }
    }
}
