{
    "name": "ZONESTAR Z9E4",
    "version": 2,
    "inherits": "fdmprinter",
    "metadata": {
        "visible": true,
        "author": "ZONESTAR",
        "manufacturer": "ZONESTAR",
        "file_formats": "text/x-gcode",
        "platform_offset": [ 0, 0, 0],       
        "machine_extruder_trains":
        {
            "0": "zonestar_e4_extruder_1",
            "1": "zonestar_e4_extruder_2",
            "2": "zonestar_e4_extruder_3",
            "3": "zonestar_e4_extruder_4"
        }
    },

    "overrides": {
        "machine_name": { "default_value": "ZONESTAR Z9E4" },
        "layer_height": { "default_value": 0.2 },
        "machine_extruder_count": { "default_value": 4 },
        "machine_extruders_share_heater": { "default_value": true },
        "machine_heated_bed": { "default_value": true },
        "machine_center_is_zero": { "default_value": false },
        "machine_height": { "default_value": 380 },
        "machine_gcode_flavor": { "default_value": "RepRap (Marlin/Sprinter)" },
        "machine_depth": { "default_value": 300 },
        "machine_width": { "default_value": 300 },
        "machine_max_feedrate_z": { "default_value": 12 },
        "machine_max_feedrate_e": { "default_value": 120 },
        "machine_max_acceleration_z": { "default_value": 500 },
        "machine_acceleration": { "default_value": 1000 },
        "machine_max_jerk_xy": { "default_value": 10 },
        "machine_max_jerk_z": { "default_value": 0.2 },
        "machine_max_jerk_e": { "default_value": 2.5 },
        "machine_start_gcode": {
            "default_value": ";Z9E4 start gcode\nG90 \nG28 ;Home\nG1 Z15.0 F6000 ;Move the platform down 15mm\n;Pre-load E1\nT0\nG92 E0\nG1 E30 F1200\nG1 E40 F180\n;Pre-load E2\nT1\nG92 E0\nG1 E40 F1200\nG1 E30 F600\n;Pre-load E3\nT2 \nG92 E0\nG1 E40 F1200\nG1 E30 F600\n;Pre-load E4\nT3\nG92 E0\nG1 E40 F1200\nG1 E30 F600\nG1 Z5 F240\nG1 X10 Y10 F1800\nG1 Z0.3 F240\n;Prime the nozzle\nT0\nG92 E0\n"},
        "machine_end_gcode": {
            "default_value": ";Z9E4 end gcode\nG28 XY\nM140 S0 ; cool bed\nG92 E0 ; retract filament 35mm\nG1 E-5 F1800\nG1 E-35 F900\nM104 S0 ; cool hotend\nM84 ; disable steppers\n; end of end gcode\n"
        }
    }
}
