{
    "name": "ZONESTAR R2 Base",
    "version": 2,
    "inherits": "fdmprinter",
    "metadata": {
        "visible": false,
        "author": "ZONESTAR",
        "manufacturer": "ZONESTAR",
        "file_formats": "text/x-gcode",
        "platform_offset": [ 0, 0, 0],        
        "machine_extruder_trains":
        {
            "0": "zonestar_r2_extruder_1",
            "1": "zonestar_r2_extruder_2"
        }
    },

    "overrides": {
        "machine_name": { "default_value": "ZONESTAR R2 Base" },
        "machine_width": { "default_value": 220 },
        "machine_depth": { "default_value": 220 },
        "machine_height": { "default_value": 220 },
        "machine_extruder_count": { "default_value": 2 },
        "machine_extruders_share_heater": { "default_value": false },
        "gantry_height": { "value": 32 },
        "machine_head_with_fans_polygon":
        {
            "default_value": [
                [-28, 32],
                [-28, -42],
                [28, -42],
                [28, 32]
            ]
        },
        "layer_height": { "default_value": 0.2 },
        "machine_heated_bed": { "default_value": true },
        "machine_center_is_zero": { "default_value": false },
        "machine_gcode_flavor": { "default_value": "RepRap (Marlin/Sprinter)" },
        "machine_start_gcode": { "default_value": "G28\nG1 Z15 F300\nM107\n;Prime the extruder\nG92 E0\nG1 F200 E3\nG92 E0\nG1 X5 Y10 F1500 ; move to prime\nG1 Z0.2 F3000 ; get ready to prime\nG92 E0 ; reset extrusion distance\nG1 Y150 E10 F600 ; prime nozzle\nG1 Y100 F5000 ; quick wipe\n"},
        "machine_end_gcode": { "default_value": "G92 E0\nG1 E-3 F2100\nG28 XY\nM104 S0\nG90\nG92 E0\nM140 S0\nM84\n" }
    }
}
