{
    "name": "Z9 with M2 hotend",
    "version": 2,
    "inherits": "zonestar3d_m2",
    "metadata": {
        "visible": true,
        "machine_extruder_trains":
        {
            "0": "zonestar_m2_vtool_0",
            "1": "zonestar_m2_vtool_1",
            "2": "zonestar_m2_vtool_2",
            "3": "zonestar_m2_vtool_3",
            "4": "zonestar_m2_vtool_4",
            "5": "zonestar_m2_vtool_5",
            "6": "zonestar_m2_vtool_6",
            "7": "zonestar_m2_vtool_7"
        }
    },
    
    "overrides": {
        "machine_name": { "default_value": "Zonestar Z9M2" },
        "machine_width": { "default_value": 310 },
        "machine_depth": { "default_value": 310 },
        "machine_height": { "default_value": 400 },
        "machine_start_gcode": { "default_value": "M220 S100 ;Reset Feedrate\nM221 S100 ;Reset Flowrate\n\nG28 ;Home\nG21\nG90\nG1 Z5 F600\nG1 X5 Y10 F1500\nG1 Z0.3 F600\n;===Pre-load filament start\nT0\nG92 E0\nG0  X5 Y50 F1200\nG1 Y250 E15\nG0  X5.5\nG1 Y50 E30\nG0  X6\nG1 Y250 E45\nG0  X6.5\nG1 Y50 E60\nG0  X7\nG1 Y250 E75\nG0  X7.5\nG1 Y50 E90\nG0  X8\nT1\nG92 E0\nG0 X8 Y50 F1200\nG1 Y250 E15\nG0 X8.5\nG1 Y50 E30\nG0  X9\nG1 Y250 E45\nG0 X9.5\nG1 Y50 E60\nG0 X10\nG1 Y250 E75\nG0 X10.5\nG1 Y50 E90\nG0 X11\n;===Pre-load filament end"},
        "machine_end_gcode": { "default_value": "T17\nG92 E0\nG1 E-8 F2100\nG28 XY\nM106 S0 ;Turn-off fan\nM104 S0 ;Turn-off hotend\nM140 S0 ;Turn-off bed\n\nM84 X Y E ;Disable all steppers but Z\n" },
        "machine_head_with_fans_polygon": { "default_value": [
                [-32, 28],
                [-32, -28],
                [32, -28],
                [32, 28]
            ]
        },
        "gantry_height": { "value": 40 }
    }
}