{
    "name": "Z5 with M2 hotend",
    "version": 2,
    "inherits": "zonestar3d_m2",
    "metadata": {
        "visible": true,
        "machine_extruder_trains":
        {
            "0": "zonestar_m2_vtool_0",
            "1": "zonestar_m2_vtool_1",
            "2": "zonestar_m2_vtool_2",
            "3": "zonestar_m2_vtool_3",
            "4": "zonestar_m2_vtool_4",
            "5": "zonestar_m2_vtool_5",
            "6": "zonestar_m2_vtool_6",
            "7": "zonestar_m2_vtool_7"
        }
    },
    
    "overrides": {
        "machine_name": { "default_value": "Zonestar Z5SM2" },        
        "machine_width": { 
            "default_value": 220 
        },
        "machine_depth": {
            "default_value": 220 
        },
        "machine_height": { 
            "default_value": 220 
        },
        "machine_start_gcode": { 
            "default_value": "M220 S100 ;Reset Feedrate\nM221 S100 ;Reset Flowrate\nG28 ;Home\nG1 Z3.0 F3000 ;Move Z Axis up"
        },
        "machine_end_gcode": {
            "default_value": "M107\nM104 S0\nM140 S0\nG92 E0\nG1 E-2 F1800\nG28 X0 Y0\nM84"
        },
        "machine_head_with_fans_polygon": { "default_value": [
                [-28, 24],
                [-28, -24],
                [28, -24],
                [28, 24]
            ]
        },
        "gantry_height": { "value": 36 }
    }
}