{
    "version": 2,
    "name": "Z5X",
    "inherits": "zonestar3d_base",
    "metadata": {
        "visible": true,
        "machine_extruder_trains":
        {
            "0": "zonestar_extruder_0"
        }
    },
    
    "overrides": {
        "machine_name": { "default_value": "Zonestar Z5X" },        
        "machine_width": { 
            "default_value": 310 
        },
        "machine_depth": {
            "default_value": 310 
        },
        "machine_height": { 
            "default_value": 400 
        },
        "machine_start_gcode": { 
            "default_value": "M220 S100 ;Reset Feedrate\nM221 S100 ;Reset Flowrate\nG28 ;Home\nG92 E0 ;Reset Extruder\nG1 Z3.0 F3000 ;Move Z Axis up\nG1 X10.1 Y20 Z0.3 F5000.0 ;Move to start position\nG1 X10.1 Y200.0 Z0.3 F1500.0 E16 ;Draw the first line\nG1 X10.4 Y200.0 Z0.3 F5000.0 ;Move to side a little\nG1 X10.4 Y20 Z0.3 F1500.0 E30 ;Draw the second line\nG92 E0 ;Reset Extruder\nG1 Z3.0 F3000 ;Move Z Axis up"
        },
        "machine_end_gcode": {
            "default_value": "M107\nM104 S0\nM140 S0\nG92 E0\nG1 E-2 F1800\nG28 X0 Y0\nM84"
        },
        "machine_head_with_fans_polygon": { "default_value": [
                [-24, 20],
                [-24, -20],
                [24, -20],
                [24, 20]
            ]
        },
        "gantry_height": { "value": 30 }
    }
}