{
    "name": "Z9 with E4 hotend",
    "version": 2,
    "inherits": "zonestar3d_e4",
    "metadata": {
        "visible": true,
        "machine_extruder_trains":
        {
            "0": "zonestar_e4_extruder_0",
            "1": "zonestar_e4_extruder_1",
            "2": "zonestar_e4_extruder_2",
            "3": "zonestar_e4_extruder_3"
        }
    },
    
    "overrides": {
        "machine_name": { "default_value": "Zonestar Z9E4" },
        "machine_width": { "default_value": 310 },
        "machine_depth": { "default_value": 310 },
        "machine_height": { "default_value": 400 },
        "machine_start_gcode": { "default_value": "M220 S100 ;Reset Feedrate\nM221 S100 ;Reset Flowrate\n\nG28 ;Home\nG21\nG90\nG1 Z5 F600\nG1 X5 Y10 F1500\nG1 Z0.3 F600\n;===Pre-load filament start\nT0\nG92 E0\nG1 E20 F120\nG0  X5 Y50 F1200\nG1 Y250 E35\nG0  X5.5\nG1 Y50 E50\nG0  X6\nG1 Y250 E65\nG0  X6.5\nG1 Y50 E80\nG0  X7\nG1 Y250 E95\nG0  X7.5\nG1 Y50 E110\nG0  X8\nG92 E0\nG1 E-80 F3000\nG92 E0\nT1\nG92 E0\nG1 E20 F120\nG0  X8 Y50 F1200\nG1 Y250 E35\nG0  X8.5\nG1 Y50 E50\nG0  X9\nG1 Y250 E65\nG0  X9.5\nG1 Y50 E80\nG0 X10\nG1 Y250 E95\nG0 X10.5\nG1 Y50 E110\nG0 X11\nG92 E0\nG1 E-80 F3000\nG92 E0\nT2\nG92 E0\nG1 E20 F120\nG0 X11 Y50 F1200\nG1 Y250 E35\nG0 X11.5\nG1 Y50 E50\nG0 X12\nG1 Y250 E65\nG0 X12.5\nG1 Y50 E80\nG0 X13\nG1 Y250 E95\nG0 X13.5\nG1 Y50 E110\nG0 X14\nG92 E0\nG1 E-80 F3000\nG92 E0\nT3\nG92 E0\nG1 E20 F120\nG0 X14 Y50 F1200\nG1 Y250 E35\nG0 X14.5\nG1 Y50 E50\nG0 X15\nG1 Y250 E65\nG0 X15.5\nG1 Y50 E80\nG0 X16\nG1 Y250 E95\nG0 X16.5\nG1 Y50 E110\nG0 X17\nG0 Y155 F4800\nG92 E0\nG1 E-80 F3000\nG92 E0\n;===Pre-load filament end"},
        "machine_end_gcode": { "default_value": "G92 E0\nG1 E-45 F2100\nG28 XY\nM106 S0 ;Turn-off fan\nM104 S0 ;Turn-off hotend\nM140 S0 ;Turn-off bed\n\nM84 X Y E ;Disable all steppers but Z\n" },
        "machine_head_with_fans_polygon": { "default_value": [
                [-32, 28],
                [-32, -28],
                [32, -28],
                [32, 28]
            ]
        },
        "gantry_height": { "value": 40 }
    }
}