{
    "version": 2,
    "name": "VTOOL4",
    "inherits": "fdmextruder",
    "metadata": {
        "machine": "zonestar_m3mix_base",
        "position": "4"
    },

    "overrides": 
    {
        "extruder_nr": { "default_value": 4},
        "machine_nozzle_size": { "default_value": 0.4 },
        "material_diameter": { "default_value": 1.75 },
        "machine_nozzle_offset_x": { "default_value": 0.0 },
        "machine_nozzle_offset_y": { "default_value": 0.0 },
        "machine_extruder_start_code": { "default_value": ";Start G-code for Virual Extuder 4\nM163 S0 P17\nM163 S1 P83\nM163 S1 P0\nM164 S4\n;Mix Rate=17:83:0,Mixed Cyan/Magenta/Yellow = Violet,change it if need"},
        "machine_extruder_end_code": { "default_value": ";End G-code for Virual Extuder 4\n"}
    }
}
