{
    "version": 2,
    "name": "VTOOL2",
    "inherits": "fdmextruder",
    "metadata": {
        "machine": "zonestar_m2mix_base",
        "position": "2"
    },

    "overrides": 
    {
        "extruder_nr": { "default_value": 2},
        "machine_nozzle_size": { "default_value": 0.4 },
        "material_diameter": { "default_value": 1.75 },
        "machine_nozzle_offset_x": { "default_value": 0.0 },
        "machine_nozzle_offset_y": { "default_value": 0.0 },
        "machine_extruder_start_code": { "default_value": ";Start G-code for Virual Extuder 2\nM163 S0 P50\nM163 S1 P50\nM164 S2\n;Mix Rate=50:50,change it if need"},
        "machine_extruder_end_code": { "default_value": ";End G-code for Virual Extuder 2\n"}
    }
}
