{
    "version": 2,
    "name": "Extruder 2",
    "inherits": "fdmextruder",
    "metadata": {
        "machine": "zonestar_z10m2",
        "position": "1"
    },

    "overrides": {
        "extruder_nr": { "default_value": 1},
        "machine_nozzle_size": { "default_value": 0.4 },
        "material_diameter": { "default_value": 1.75 },
        "machine_nozzle_offset_x": { "default_value": 0.0 },
        "machine_nozzle_offset_y": { "default_value": 0.0 },
        "machine_extruder_start_code": 
           {"default_value": ";start gcode of Extruder 2 \nM163 S0 P0\nM163 S1 P100\n"},
        "machine_extruder_end_code":
           {"default_value": ";end gcode of Extruder 2 \n"}
    }
}
