{
    "version": 2,
    "name": "VTOOL3",
    "inherits": "fdmextruder",
    "metadata": {
        "machine": "zonestar_z8m3mix",
        "position": "3"
    },

    "overrides": {
        "extruder_nr": { "default_value": 3, "maximum_value": "7" },
        "machine_nozzle_size": { "default_value": 0.4 },
        "material_diameter": { "default_value": 1.75 },
        "machine_extruder_start_code": { "default_value": ";start gcode for Virual Extuder 3\nM163 S0 P33\nM163 S1 P33\nM163 S2 P34\n;Mix Rate=33:33:34,change if need\n"},
        "machine_extruder_end_code": { "default_value": ";end gcode for Virual Extuder 3\n"}
    }
}
