{
    "version": 2,
    "name": "VTOOL7",
    "inherits": "fdmextruder",
    "metadata": {
        "machine": "zonestar_z10m2mix",
        "position": "7"
    },

    "overrides": {
        "extruder_nr": { "default_value": 7, "maximum_value": "7" },
        "machine_nozzle_size": { "default_value": 0.4 },
        "material_diameter": { "default_value": 1.75 },
        "machine_extruder_start_code": { "default_value": ";start gcode for Virual Extuder 7\nM163 S0 P70\nM163 S1 P30\nM164 S7\n;Mix Rate=70:30, change it if need"},
        "machine_extruder_end_code": { "default_value": ";end gcode for Virual Extuder 7\n"}
    }
}
