{
    "version": 2,
    "name": "Extruder 4",
    "inherits": "fdmextruder",
    "metadata": {
        "machine": "zonestar_z9v5",
        "position": "3"
    },

    "overrides": {
        "extruder_nr": { "default_value": 3},
        "machine_nozzle_size": { "default_value": 0.4 },
        "material_diameter": { "default_value": 1.75 },
        "machine_nozzle_offset_x": { "default_value": 0.0 },
        "machine_nozzle_offset_y": { "default_value": 0.0 },
        "machine_extruder_start_code": 
           {"default_value": ";start gcode of Extruder 4 \nM163 S0 P0\nM163 S1 P0\nM163 S2 P0\nM163 S3 P100\n"},
        "machine_extruder_end_code":
           {"default_value": ";end gcode of Extruder 4 \n"}
    }
}
