{
    "version": 2,
    "name": "Extruder 3",
    "inherits": "fdmextruder",
    "metadata": {
        "machine": "zonestar_z9e4",
        "position": "2"
    },

    "overrides": {
        "extruder_nr": { "default_value": 2},
        "machine_nozzle_size": { "default_value": 0.4 },
        "material_diameter": { "default_value": 1.75 },
        "machine_nozzle_offset_x": { "default_value": 0.0 },
        "machine_nozzle_offset_y": { "default_value": 0.0 },
        "machine_extruder_start_code": 
           {"default_value": ";start gcode of Extruder 3 \nG91 ; relative coordinates\nG1 E35 F1800; push filament 35mm\nG90 ; absolute coordinates\nG92 E0 ; reset extrusion distance\n"},
        "machine_extruder_end_code":
           {"default_value": ";end gcode of Extruder 1 \nG91 ; relative coordinates\nG1 E-35 F1800; pull filament 35mm\nG90 ; absolute coordinates\nG92 E0 ; reset extrusion distance\n"}
    }
}
