{
    "version": 2,
    "name": "Extruder 1",
    "inherits": "fdmextruder",
    "metadata": {
        "machine": "zonestar_z6",
        "position": "0"
    },

    "overrides": {
        "extruder_nr": { "default_value": 0, "maximum_value": "0"},
        "machine_nozzle_size": { "default_value": 0.4 },
        "material_diameter": { "default_value": 1.75 },
        "machine_extruder_start_code": { "default_value": ";Extruder 1 start code\n"},
        "machine_extruder_end_code": { "default_value": ";Extruder 1 end code\n"}
    }
}
