{
    "version": 2,
    "name": "VTOOL4",
    "inherits": "fdmextruder",
    "metadata": {
        "machine": "zonestar_z9v5mix",
        "position": "4"
    },

    "overrides": {
        "extruder_nr": { "default_value": 4, "maximum_value": "7"},
        "machine_nozzle_size": { "default_value": 0.4 },
        "material_diameter": { "default_value": 1.75 },
        "machine_extruder_start_code": { "default_value": ";start gcode for Virual Extuder 4\nM163 S0 P25\nM163 S1 P25\nM163 S2 P25\nM163 S3 P25\nM164 S4\n;Mix Rate=25:25:25:25,change if need"},
        "machine_extruder_end_code": { "default_value": ";end gcode for Virual Extuder 4\n"}
    }
}
