{
    "version": 2,
    "name": "VTOOL1",
    "inherits": "fdmextruder",
    "metadata": {
        "machine": "zonestar_z8m3mix",
        "position": "1"
    },

    "overrides": {
        "extruder_nr": { "default_value": 1, "maximum_value": "7" },
        "machine_nozzle_size": { "default_value": 0.4 },
        "material_diameter": { "default_value": 1.75 },
        "machine_extruder_start_code": { "default_value": ";start gcode for Virual Extuder 1\nM163 S0 P0\nM163 S1 P100\nM163 S2 P0\n;Mix Rate=0:100:0,change if need\n"},
        "machine_extruder_end_code": { "default_value": ";end gcode for Virual Extuder 1\n"}
    }
}
