{
    "version": 2,
    "name": "VTOOL5",
    "inherits": "fdmextruder",
    "metadata": {
        "machine": "zonestar_z9m4mix",
        "position": "5"
    },

    "overrides": {
        "extruder_nr": { "default_value": 5, "maximum_value": "7"},
        "machine_nozzle_size": { "default_value": 0.4 },
        "material_diameter": { "default_value": 1.75 },
        "machine_extruder_start_code": { "default_value": ";start gcode for Virual Extuder 5\nM163 S0 P50\nM163 S1 P50\nM163 S2 P0\nM163 S3 P0\n;Mix Rate=50:50:0:0,change if need\n"},
        "machine_extruder_end_code": { "default_value": ";end gcode for Virual Extuder 5\n"}
    }
}
