{
    "version": 2,
    "name": "VTOOL2",
    "inherits": "fdmextruder",
    "metadata": {
        "machine": "zonestar_z10m2mix",
        "position": "2"
    },

    "overrides": {
        "extruder_nr": { "default_value": 2, "maximum_value": "7"},
        "machine_nozzle_size": { "default_value": 0.4 },
        "material_diameter": { "default_value": 1.75 },
        "machine_extruder_start_code": { "default_value": ";start gcode for Virual Extuder 2\nM163 S0 P50\nM163 S1 P50\n;Mix Rate=50:50, change it if need\n"},
        "machine_extruder_end_code": { "default_value": ";end gcode for Virual Extuder 2\n"}
    }
}
