{
    "version": 2,
    "name": "Extruder 1",
    "inherits": "fdmextruder",
    "metadata": {
        "machine": "zonestar_p802qr2",
        "position": "0"
    },

    "overrides": {
        "extruder_nr": { "default_value": 0},
        "machine_nozzle_size": { "default_value": 0.4 },
        "material_diameter": { "default_value": 1.75 },
        "machine_nozzle_offset_x": { "default_value": 0.0 },
        "machine_nozzle_offset_y": { "default_value": 0.0 },
        "machine_extruder_start_code": 
           {
            "default_value": ";---- Starting Start G-code Extruder 1 ----\n;T0 ;switch to extruder 1\n;G92 E0;reset extruder distance\n;---- Ending Start G-code Extruder 1 ----"
           },
        "machine_extruder_end_code":
           {
            "default_value": ";---- Starting End G-code Extruder 1 ----\n;G92 E0\n;---- Ending End G-code Extruder 1 ----"
           }
    }
}
