{
    "version": 2,
    "name": "VTOOL4",
    "inherits": "fdmextruder",
    "metadata": {
        "machine": "zonestar_z5m2mix",
        "position": "4"
    },

    "overrides": {
        "extruder_nr": { "default_value": 4, "maximum_value": "7"},
        "machine_nozzle_size": { "default_value": 0.4 },
        "material_diameter": { "default_value": 1.75 },
        "machine_extruder_start_code": { "default_value": ";start gcode for Virual Extuder 4\nM163 S0 P85\nM163 S1 P15\n;Mix Rate=85:15, change it if need\n"},
        "machine_extruder_end_code": { "default_value": ";end gcode for Virual Extuder 4\n"}
    }
}
