{
    "version": 2,
    "name": "E1",
    "inherits": "fdmextruder",
    "metadata": {
        "machine": "zonestar_r3_base",
        "position": "0"
    },

    "overrides": {
        "extruder_nr": { "default_value": 0},
        "machine_nozzle_size": { "default_value": 0.4 },
        "material_diameter": { "default_value": 1.75 },
        "machine_nozzle_offset_x": { "default_value": -6.71 },
        "machine_nozzle_offset_y": { "default_value": 3.88 },
        "machine_extruder_start_code": { "default_value": ";Start G-code of E1 \nM163 S0 P100\nM163 S1 P0\nM163 S2 P0\nM164 S0\n"},
        "machine_extruder_end_code": { "default_value": ";End G-code of E1"}
    }
}
