{
    "version": 2,
    "name": "VTOOL0",
    "inherits": "fdmextruder",
    "metadata": {
        "machine": "zonestar_z9v5mix",
        "position": "0"
    },

    "overrides": {
        "extruder_nr": { "default_value": 0, "maximum_value": "7"},
        "machine_nozzle_size": { "default_value": 0.4 },
        "material_diameter": { "default_value": 1.75 },
        "machine_extruder_start_code": { "default_value": ";start gcode for Virual Extuder 0\nM163 S0 P100\nM163 S1 P0\nM163 S2 P0\nM163 S3 P0\nM164 S0\n;Mix Rate=100:0:0:0,change if need"},
        "machine_extruder_end_code": { "default_value": ";end gcode for Virual Extuder 0\n"}
    }
}
