{
    "version": 2,
    "name": "Extruder 4",
    "inherits": "fdmextruder",
    "metadata": {
        "machine": "zonestar3d_e4",
        "position": "3"
    },

    "overrides": {
        "extruder_nr": {
            "default_value": 3,
            "maximum_value": "3"
        },
        "machine_nozzle_size": { "default_value": 0.4 },
        "material_diameter": { "default_value": 1.75 },
        "machine_nozzle_offset_x": { "default_value": 0.0 },
        "machine_nozzle_offset_y": { "default_value": 0.0 },
        "machine_extruder_start_code": { "default_value": "T3\nG92 E0\nG1 E20 F2100\nG1 E45 F1200\nG1 E65 F1800\nG1 E80 F600\nG92 E0\n"},
        "machine_extruder_end_code": { "default_value": "T3\nG92 E0\nG1 E-80 F3000\nG92 E0\n"}
    }
}
