{
    "version": 2,
    "name": "VTOOL 1",
    "inherits": "fdmextruder",
    "metadata": {
        "machine": "zonestar3d_m4",
        "position": "1"
    },

    "overrides": {
        "extruder_nr": {
            "default_value": 1,
            "maximum_value": "7"
        },
        "machine_nozzle_size": { "default_value": 0.4 },
        "material_diameter": { "default_value": 1.75 },
        "machine_nozzle_offset_x": { "default_value": 0.0 },
        "machine_nozzle_offset_y": { "default_value": 0.0 },
        "machine_extruder_start_code": { "default_value": "M163 S0 P0\nM163 S1 P100\nM163 S2 P0\nM163 S3 P0\nM164 S1\n"},
        "machine_extruder_end_code": { "default_value": ""}
    }
}
