{
    "name": "ZONESTAR Z9E4",
    "version": 2,
    "inherits": "fdmprinter",
    "metadata": {
        "visible": true,
        "author": "ZONESTAR",
        "manufacturer": "ZONESTAR",
        "file_formats": "text/x-gcode",
        "platform_offset": [ 0, 0, 0],       
        "machine_extruder_trains":
        {
            "0": "zonestar_e4_extruder_1",
            "1": "zonestar_e4_extruder_2",
            "2": "zonestar_e4_extruder_3",
            "3": "zonestar_e4_extruder_4"
        }
    },

    "overrides": {
        "machine_name": { "default_value": "ZONESTAR Z9E4" },
        "layer_height": { "default_value": 0.2 },
        "machine_extruder_count": { "default_value": 4 },
        "machine_extruders_share_heater": { "default_value": true },
        "machine_heated_bed": { "default_value": true },
        "machine_center_is_zero": { "default_value": false },
        "machine_height": { "default_value": 380 },
        "machine_gcode_flavor": { "default_value": "RepRap (Marlin/Sprinter)" },
        "machine_depth": { "default_value": 300 },
        "machine_width": { "default_value": 300 },
        "machine_max_feedrate_z": { "default_value": 12 },
        "machine_max_feedrate_e": { "default_value": 120 },
        "machine_max_acceleration_z": { "default_value": 500 },
        "machine_acceleration": { "default_value": 1000 },
        "machine_max_jerk_xy": { "default_value": 10 },
        "machine_max_jerk_z": { "default_value": 0.2 },
        "machine_max_jerk_e": { "default_value": 2.5 },
        "machine_start_gcode": { "default_value": ";Z9E4 Start G-code\nG90 \nG28 ;Home\nG1 Z15.0 F6000 ;Move the platform down 15mm\n;Preload filaments Start\n;Preload E1\nG92 E0\nT0\nG1 E20 F120\nG0 X5 Y50 F3000\nG1 Y250 E35 F1200\nG0 X5.5 F3000\nG1 Y50 E50 F1200\nG0 X6 F3000\nG1 Y250 E65 F1200\nG0 X6.5 F3000\nG1 Y50 E80 F1200\nG0 X7 F3000\nG1 Y250 E95 F1200\nG0 X7.5 F3000\nG1 Y50 E110 F1200\nG0 X8 F3000\nG92 E0\nG1 E-80 F2400\n;Preload E2\nG92 E0\nT1\nG1 E20 F120\nG0 X8 Y50 F3000\nG1 Y250 E35 F1200\nG0 X8.5 F3000\nG1 Y50 E50 F1200\nG0 X9 F3000\nG1 Y250 E65 F1200\nG0 X9.5 F3000\nG1 Y50 E80 F1200\nG0 X10 F3000\nG1 Y250 E95 F1200\nG0 X10.5 F3000\nG1 Y50 E110 F1200\nG0 X11 F3000\nG92 E0\nG1 E-80 F2400\n;Preload E3\nG92 E0\nT2\nG1 E20 F120\nG0 X11 Y50 F3000\nG1 Y250 E35 F1200\nG0 X11.5 F3000\nG1 Y50 E50 F1200\nG0 X12 F3000\nG1 Y250 E65 F1200\nG0 X12.5 F3000\nG1 Y50 E80 F600\nG0 X13 F3000\nG1 Y250 E95 F1200\nG0 X13.5 F3000\nG1 Y50 E110 F1200\nG0 X14 F3000\nG92 E0\nG1 E-80 F2400\n;Preload E4\nG92 E0\nT3\nG1 E20 F120\nG0 X14 Y50 F3000\nG1 Y250 E35 F1200\nG0 X14.5 F3000\nG1 Y50 E50 F1200\nG0 X15 F3000\nG1 Y250 E65 F1200\nG0 X15.5 F3000\nG1 Y50 E80 F1200\nG0 X16 F3000\nG1 Y250 E95 F1200\nG0 X16.5 F3000\nG1 Y50 E110 F1200\nG0 X17 F3000\nG0 Y155 F4800\nG92 E0\n;Preload filaments End\n"},
        "machine_end_gcode": { "default_value": ";Z9E4 End G-code\nG28 XY\nM140 S0 ; cool bed\nG92 E0 ; retract filament 35mm\nG1 E-5 F1800\nG1 E-35 F900\nM104 S0 ; cool hotend\nM84 ; disable steppers\n; end of end gcode\n"
        }
    }
}
