{
    "version": 2,
    "name": "Virtual Extruder 6",
    "inherits": "fdmextruder",
    "metadata": {
        "machine": "zonestar_base_m4",
        "position": "6"
    },

    "overrides": {
        "extruder_nr": { "default_value": 6 },
        "machine_nozzle_size": { "default_value": 0.4 },
        "material_diameter": { "default_value": 1.75 },
        "machine_nozzle_offset_x": { "default_value": 0.0 },
        "machine_nozzle_offset_y": { "default_value": 0.0 },
        "machine_extruder_start_code": { "default_value": "M163 S0 P50\nM163 S1 P0\nM163 S2 P50\nM163 S3 P0\nM164 S6\n"},
        "machine_extruder_end_code": { "default_value": ""}
    }
}
