{
    "type": "filament",
    "filament_id": "GFG99",
    "setting_id": "GFSA04",
    "name": "Zonestar Generic PETG",
    "from": "system",
    "instantiation": "true",
    "inherits": "fdm_filament_pet",
    "reduce_fan_stop_start_freq": ["1"],
    "slow_down_for_layer_cooling": ["1"],
    "fan_cooling_layer_time": ["30"],
    "overhang_fan_speed": ["100"],
    "overhang_fan_threshold": ["25%"],
    "fan_max_speed": ["100"],
    "fan_min_speed": ["50"],
    "slow_down_min_speed": ["10"],
    "slow_down_layer_time": ["8"],
    "filament_flow_ratio": ["0.95"],
    "filament_max_volumetric_speed": ["10"],
    "filament_start_gcode": ["; filament start gcode\n"],
    "compatible_printers": [
      "Zonestar Z9V5 0.4 nozzle"
    ]
}
